{
	"format_version": "1.12.0",
	"minecraft:geometry": [
		{
			"description": {
				"identifier": "geometry.gearmonster",
				"texture_width": 64,
				"texture_height": 64,
				"visible_bounds_width": 3,
				"visible_bounds_height": 2.5,
				"visible_bounds_offset": [0, 0.75, 0]
			},
			"bones": [
				{
					"name": "Rhand",
					"pivot": [9, 11, -3],
					"cubes": [
						{"origin": [4, 10, -2], "size": [7, 2, 2], "pivot": [8, 9, 0], "rotation": [0, 32.5, -22.5], "uv": [30, 28]},
						{"origin": [1, 10, -4], "size": [10, 2, 2], "pivot": [10, 11, -3], "rotation": [47.77371, -46.60184, -56.59733], "uv": [27, 4]},
						{"origin": [-1, 9, -5], "size": [2, 4, 4], "pivot": [10, 11, -3], "rotation": [47.77371, -46.60184, -56.59733], "uv": [31, 32]},
						{"origin": [-1, 12, -6], "size": [2, 3, 1], "pivot": [10, 11, -3], "rotation": [-7.22629, -46.60184, -56.59733], "uv": [42, 39]},
						{"origin": [-1, 12, -6], "size": [2, 3, 1], "pivot": [10, 11, -3], "rotation": [95.27371, -46.60184, -56.59733], "uv": [24, 41]},
						{"origin": [-1, 12, -6], "size": [2, 3, 1], "pivot": [10, 11, -3], "rotation": [-174.72629, -46.60184, -56.59733], "uv": [18, 41]},
						{"origin": [-1, 12, -6], "size": [2, 3, 1], "pivot": [10, 11, -3], "rotation": [-84.72629, -46.60184, -56.59733], "uv": [36, 40]}
					]
				},
				{
					"name": "Lhand",
					"pivot": [-9, 6, -3],
					"rotation": [60, 0, 0],
					"cubes": [
						{"origin": [-11, 5, -2], "size": [7, 2, 2], "pivot": [-8, 4, 0], "rotation": [0, -32.5, 22.5], "uv": [28, 20]},
						{"origin": [-11, 5, -4], "size": [10, 2, 2], "pivot": [-10, 6, -3], "rotation": [47.77371, 46.60184, 56.59733], "uv": [27, 0]},
						{"origin": [-1, 4, -5], "size": [2, 4, 4], "pivot": [-10, 6, -3], "rotation": [47.77371, 46.60184, 56.59733], "uv": [0, 32]},
						{"origin": [-1, 7, -6], "size": [2, 3, 1], "pivot": [-10, 6, -3], "rotation": [-7.22629, 46.60184, 56.59733], "uv": [30, 40]},
						{"origin": [-1, 7, -6], "size": [2, 3, 1], "pivot": [-10, 6, -3], "rotation": [95.27371, 46.60184, 56.59733], "uv": [12, 40]},
						{"origin": [-1, 7, -6], "size": [2, 3, 1], "pivot": [-10, 6, -3], "rotation": [-174.72629, 46.60184, 56.59733], "uv": [6, 40]},
						{"origin": [-1, 7, -6], "size": [2, 3, 1], "pivot": [-10, 6, -3], "rotation": [-84.72629, 46.60184, 56.59733], "uv": [0, 40]}
					]
				},
				{
					"name": "down",
					"pivot": [0, 0, 0],
					"cubes": [
						{"origin": [-2, 1, -2], "size": [4, 1, 5], "uv": [17, 28]},
						{"origin": [-2, 2, -2], "size": [1, 1, 5], "uv": [19, 35]},
						{"origin": [1, 2, -2], "size": [1, 1, 5], "uv": [12, 34]},
						{"origin": [-1, 2, -2], "size": [2, 1, 1], "uv": [0, 24]},
						{"origin": [-1, 2, 2], "size": [2, 1, 1], "uv": [5, 7]}
					]
				},
				{
					"name": "head",
					"pivot": [0, 0, 0],
					"cubes": [
						{"origin": [-4, 6, -5], "size": [8, 7, 11], "uv": [0, 0]},
						{"origin": [-1, 2, -1], "size": [2, 4, 3], "uv": [0, 0]},
						{"origin": [-5, 13, -5], "size": [10, 2, 8], "uv": [0, 18]},
						{"origin": [-4, 13.2332, 3.1573], "size": [8, 1, 3], "pivot": [0, 13.7332, 4.75732], "rotation": [-10, 0, 0], "uv": [0, 28]}
					]
				},
				{
					"name": "Rback",
					"pivot": [0, 0, 0],
					"cubes": [
						{"origin": [3, 7, 7], "size": [10, 1, 1], "pivot": [8, 7, 5], "rotation": [-42.90825, -46.65511, 59.6594], "uv": [28, 18]},
						{"origin": [13, 6, 6], "size": [1, 3, 3], "pivot": [8, 7, 5], "rotation": [-42.90825, -46.65511, 59.6594], "uv": [38, 10]},
						{"origin": [14, 6, 6], "size": [1, 1, 3], "pivot": [8, 7, 5], "rotation": [-42.90825, -46.65511, 59.6594], "uv": [39, 32]},
						{"origin": [14, 8, 6], "size": [1, 1, 3], "pivot": [8, 7, 5], "rotation": [-42.90825, -46.65511, 59.6594], "uv": [36, 24]}
					]
				},
				{
					"name": "Lback",
					"pivot": [0, 0, 3],
					"rotation": [22.5, 0, 0],
					"cubes": [
						{"origin": [-13, 7, 10], "size": [10, 1, 1], "pivot": [-8, 7, 8], "rotation": [-42.90825, 46.65511, -59.6594], "uv": [27, 8]},
						{"origin": [-14, 6, 9], "size": [1, 3, 3], "pivot": [-8, 7, 8], "rotation": [-42.90825, 46.65511, -59.6594], "uv": [0, 18]},
						{"origin": [-15, 6, 9], "size": [1, 1, 3], "pivot": [-8, 7, 8], "rotation": [-42.90825, 46.65511, -59.6594], "uv": [8, 32]},
						{"origin": [-15, 8, 9], "size": [1, 1, 3], "pivot": [-8, 7, 8], "rotation": [-42.90825, 46.65511, -59.6594], "uv": [0, 7]}
					]
				}
			]
		}
	]
}