{
	"format_version": "1.12.0",
	"minecraft:geometry": [
		{
			"description": {
				"identifier": "geometry.oremonster",
				"texture_width": 128,
				"texture_height": 128,
				"visible_bounds_width": 3,
				"visible_bounds_height": 4.5,
				"visible_bounds_offset": [0, 1.75, 0]
			},
			"bones": [
				{
					"name": "legs",
					"pivot": [0, 0, 0],
					"cubes": [
						{"origin": [-5, 4, -1], "size": [2, 18, 2], "uv": [8, 27]},
						{"origin": [3, 4, -1], "size": [2, 18, 2], "uv": [0, 27]}
					]
				},
				{
					"name": "Rhands",
					"pivot": [0, 0, 0],
					"cubes": [
						{"origin": [5, 26, -2], "size": [1, 7, 4], "uv": [22, 53]},
						{"origin": [6, 28, -1], "size": [2, 4, 2], "uv": [30, 0]},
						{"origin": [8, 28, -16], "size": [3, 4, 18], "pivot": [10, 30, 0], "rotation": [37.5, 0, 0], "uv": [0, 31]},
						{"origin": [-6, 0, -5], "size": [4, 4, 7], "uv": [0, 53]}
					]
				},
				{
					"name": "Lhands",
					"pivot": [0, 0, 0],
					"cubes": [
						{"origin": [-6, 26, -2], "size": [1, 7, 4], "uv": [24, 31]},
						{"origin": [-8, 28, -1], "size": [2, 4, 2], "uv": [0, 0]},
						{"origin": [-11, 28, -16], "size": [3, 4, 18], "pivot": [-10, 30, 0], "rotation": [37.5, 0, 0], "uv": [22, 9]},
						{"origin": [2, 0, -5], "size": [4, 4, 7], "uv": [46, 12]}
					]
				},
				{
					"name": "head",
					"pivot": [0, 0, 0],
					"cubes": [
						{"origin": [-5, 22, -5], "size": [10, 17, 10], "uv": [0, 0]},
						{"origin": [-6, 39, -6], "size": [12, 3, 12], "uv": [24, 31]},
						{"origin": [-5, 42, -5], "size": [10, 2, 10], "uv": [46, 0]},
						{"origin": [-5, 8, 7], "size": [10, 26, 1], "pivot": [0, 28, 6], "rotation": [20, 0, 0], "uv": [42, 46]}
					]
				}
			]
		}
	]
}